Workbook

Sheet لوحة التحكم
B2: لوحة تحكم البزنس
B3: ملخص شامل للمبيعات والمصروفات وصافي الربح
B5: المؤشر | C5: القيمة
B6: عدد الطلبات | C6: =COUNTA(الطلبات!D6:D1000) -> 63
B7: إجمالي قيمة الطلبات (بعد الخصم) | C7: =SUM(الطلبات!M6:M1000) -> 108138
B8: إجمالي المبالغ المحصّلة فعليًا | C8: =SUM(الطلبات!N6:N1000) -> 75100
B9: إجمالي المبالغ المتبقية على العملاء | C9: =SUM(الطلبات!O6:O1000) -> 33038
B10: إجمالي تكلفة الإعلانات | C10: =SUM(الإعلانات!F6:F1000) -> 11300
B11: إجمالي رواتب وعمولات الموظفين (شهريًا) | C11: =SUM(الموظفين!H6:H1000) -> 11725
B12: إجمالي المصروفات (إعلانات + رواتب وعمولات) | C12: =C10+C11 -> 23025
B13: صافي الربح / الخسارة (على المحصّل فعليًا) | C13: =C8-C12 -> 52075
B16: ملاحظات:
B17: - كل الأرقام هنا بتتحدث تلقائيًا من شيت (الطلبات) و(الإعلانات) و(الموظفين).
B18: - صافي الربح محسوب على أساس المبالغ اللي اتحصّلت فعليًا (مش كل قيمة الطلبات) عشان يديك صورة حقيقية للكاش.
B19: - لو عاوز تعرف الربح المتوقع بعد تحصيل كل المتبقي، اجمع صافي الربح مع (إجمالي المبالغ المتبقية على العملاء).

Sheet الطلبات
B2: سجل طلبات العملاء
B3: كل طلب = عميل واتساب طلب تنسيق كتب/سلايدات — التاريخ بيتسجل لوحده أول ما تكتب اسم العميل
B5: رقم الطلب | C5: التاريخ | D5: اسم العميل | E5: رقم الواتساب | F5: الموظف المسؤول عن الديل | G5: الكتب/المواد المطلوب تنسيقها | H5: عدد الوحدات المطلوبة (مثلاً عدد الصفوف) | I5: عدد الوحدات المُسلَّمة | J5: المتبقي تسليمه | K5: السعر الأصلي | L5: نسبة الخصم % | M5: السعر بعد الخصم | N5: المبلغ المدفوع | O5: المبلغ المتبقي | P5: حالة الدفع | Q5: حالة التسليم | R5: ملاحظات
C7: =IF(D7="",0,IF(C7=0,TODAY(),C7)) -> 0 | D7: علي البدري | E7: 1015666206 | F7: مهند إبراهيم | G7: المعاصر رياضيات 1ع و2ع و3ع و1ث | H7: 4 | I7: 2 | J7: =IF(H7="","",H7-I7) -> 2 | K7: 2400 | M7: =IF(K7="","",K7*(1-L7)) -> 2400 | N7: 2400 | O7: =IF(M7="","",M7-N7) -> 0 | P7: =IF(K7="","",IF(O7<=0,"مدفوع بالكامل",IF(N7=0,"لم يدفع","دفع جزئي"))) -> مدفوع بالكامل | Q7: =IF(H7="","",IF(J7<=0,"تم التسليم بالكامل",IF(I7=0,"لم يبدأ التنفيذ","تسليم جزئي"))) -> تسليم جزئي | R7: اول وحدة ف 3
C8: =IF(D8="",0,IF(C8=0,TODAY(),C8)) -> 0 | D8: عبد الرحمن لطفي | E8: 1050963072 | F8: مهند إبراهيم | G8: المعاصر رياضيات 1ع و2غ | H8: 2 | I8: 2 | J8: =IF(H8="","",H8-I8) -> 0 | K8: 1200 | M8: =IF(K8="","",K8*(1-L8)) -> 1200 | N8: 1200 | O8: =IF(M8="","",M8-N8) -> 0 | P8: =IF(K8="","",IF(O8<=0,"مدفوع بالكامل",IF(N8=0,"لم يدفع","دفع جزئي"))) -> مدفوع بالكامل | Q8: =IF(H8="","",IF(J8<=0,"تم التسليم بالكامل",IF(I8=0,"لم يبدأ التنفيذ","تسليم جزئي"))) -> تم التسليم بالكامل
C9: =IF(D9="",0,IF(C9=0,TODAY(),C9)) -> 0 | D9: محمد عصام | E9: 1125939533 | F9: مهند إبراهيم | G9: المعاصر رياضيات 1ع و2ع و3ع | H9: 3 | I9: 2 | J9: =IF(H9="","",H9-I9) -> 1 | K9: 1800 | M9: =IF(K9="","",K9*(1-L9)) -> 1800 | N9: 1200 | O9: =IF(M9="","",M9-N9) -> 600 | P9: =IF(K9="","",IF(O9<=0,"مدفوع بالكامل",IF(N9=0,"لم يدفع","دفع جزئي"))) -> دفع جزئي | Q9: =IF(H9="","",IF(J9<=0,"تم التسليم بالكامل",IF(I9=0,"لم يبدأ التنفيذ","تسليم جزئي"))) -> تسليم جزئي
C10: =IF(D10="",0,IF(C10=0,TODAY(),C10)) -> 0 | D10: الدكتور يحي | E10: 11244414831 | F10: مهند إبراهيم | G10: المعاصر رياضيات 1ع و2ع و3ع | H10: 3 | I10: 2 | J10: =IF(H10="","",H10-I10) -> 1 | K10: 1800 | M10: =IF(K10="","",K10*(1-L10)) -> 1800 | N10: 1800 | O10: =IF(M10="","",M10-N10) -> 0 | P10: =IF(K10="","",IF(O10<=0,"مدفوع بالكامل",IF(N10=0,"لم يدفع","دفع جزئي"))) -> مدفوع بالكامل | Q10: =IF(H10="","",IF(J10<=0,"تم التسليم بالكامل",IF(I10=0,"لم يبدأ التنفيذ","تسليم جزئي"))) -> تسليم جزئي | R10: أول وحدة ف 3
C11: =IF(D11="",0,IF(C11=0,TODAY(),C11)) -> 0 | D11: خالد أبو هشة | E11: 1067350572 | F11: مهند إبراهيم | G11: المعاصر رياضيات 1ث و2ث | H11: 2 | J11: =IF(H11="","",H11-I11) -> 2 | K11: 1800 | M11: =IF(K11="","",K11*(1-L11)) -> 1800 | N11: 900 | O11: =IF(M11="","",M11-N11) -> 900 | P11: =IF(K11="","",IF(O11<=0,"مدفوع بالكامل",IF(N11=0,"لم يدفع","دفع جزئي"))) -> دفع جزئي | Q11: =IF(H11="","",IF(J11<=0,"تم التسليم بالكامل",IF(I11=0,"لم يبدأ التنفيذ","تسليم جزئي"))) -> لم يبدأ التنفيذ
C12: =IF(D12="",0,IF(C12=0,TODAY(),C12)) -> 0 | D12: النبيل | E12: 1003882297 | F12: مهند إبراهيم | G12: المعاصر رياضيات 1ع و2ع و3ع | H12: 3 | I12: 2 | J12: =IF(H12="","",H12-I12) -> 1 | K12: 1800 | M12: =IF(K12="","",K12*(1-L12)) -> 1800 | N12: 1800 | O12: =IF(M12="","",M12-N12) -> 0 | P12: =IF(K12="","",IF(O12<=0,"مدفوع بالكامل",IF(N12=0,"لم يدفع","دفع جزئي"))) -> مدفوع بالكامل | Q12: =IF(H12="","",IF(J12<=0,"تم التسليم بالكامل",IF(I12=0,"لم يبدأ التنفيذ","تسليم جزئي"))) -> تسليم جزئي | R12: أول وحدة ف 3
C13: =IF(D13="",0,IF(C13=0,TODAY(),C13)) -> 0 | D13: خالد عبدالفتاح | E13: 1009986324 | F13: مهند إبراهيم | G13: المعاصر رياضيات 1ع و2ع | H13: 2 | I13: 2 | J13: =IF(H13="","",H13-I13) -> 0 | K13: 1200 | M13: =IF(K13="","",K13*(1-L13)) -> 1200 | N13: 1200 | O13: =IF(M13="","",M13-N13) -> 0 | P13: =IF(K13="","",IF(O13<=0,"مدفوع بالكامل",IF(N13=0,"لم يدفع","دفع جزئي"))) -> مدفوع بالكامل | Q13: =IF(H13="","",IF(J13<=0,"تم التسليم بالكامل",IF(I13=0,"لم يبدأ التنفيذ","تسليم جزئي"))) -> تم التسليم بالكامل
C14: =IF(D14="",0,IF(C14=0,TODAY(),C14)) -> 0 | D14: محمد عادل - Mr mohamed adel | E14: 1113440686 | F14: مهند إبراهيم | G14: المعاصر ماث 1ع و2ع و3ع | H14: 3 | J14: =IF(H14="","",H14-I14) -> 3 | K14: 1800 | M14: =IF(K14="","",K14*(1-L14)) -> 1800 | N14: 900 | O14: =IF(M14="","",M14-N14) -> 900 | P14: =IF(K14="","",IF(O14<=0,"مدفوع بالكامل",IF(N14=0,"لم يدفع","دفع جزئي"))) -> دفع جزئي | Q14: =IF(H14="","",IF(J14<=0,"تم التسليم بالكامل",IF(I14=0,"لم يبدأ التنفيذ","تسليم جزئي"))) -> لم يبدأ التنفيذ
C15: =IF(D15="",0,IF(C15=0,TODAY(),C15)) -> 0 | D15: سماح رجب | E15: 1157391901 | F15: مهند إبراهيم | G15: المعاصر رياضيات 1ع و2ع و3ع و1ث | H15: 4 | I15: 2 | J15: =IF(H15="","",H15-I15) -> 2 | K15: 2400 | M15: =IF(K15="","",K15*(1-L15)) -> 2400 | N15: 1800 | O15: =IF(M15="","",M15-N15) -> 600 | P15: =IF(K15="","",IF(O15<=0,"مدفوع بالكامل",IF(N15=0,"لم يدفع","دفع جزئي"))) -> دفع جزئي | Q15: =IF(H15="","",IF(J15<=0,"تم التسليم بالكامل",IF(I15=0,"لم يبدأ التنفيذ","تسليم جزئي"))) -> تسليم جزئي | R15: اول وحدة ف 3
C16: =IF(D16="",0,IF(C16=0,TODAY(),C16)) -> 0 | D16: محمود حنفي | E16: 1501519718 | F16: مهند إبراهيم | G16: المعاصر رياضيات 1ع و 2ع | H16: 2 | I16: 1 | J16: =IF(H16="","",H16-I16) -> 1 | K16: 1200 | M16: =IF(K16="","",K16*(1-L16)) -> 1200 | N16: 1200 | O16: =IF(M16="","",M16-N16) -> 0 | P16: =IF(K16="","",IF(O16<=0,"مدفوع بالكامل",IF(N16=0,"لم يدفع","دفع جزئي"))) -> مدفوع بالكامل | Q16: =IF(H16="","",IF(J16<=0,"تم التسليم بالكامل",IF(I16=0,"لم يبدأ التنفيذ","تسليم جزئي"))) -> تسليم جزئي
C17: =IF(D17="",0,IF(C17=0,TODAY(),C17)) -> 0 | D17: محمود أحمد ندا | E17: 1013414152 | F17: مهند إبراهيم | G17: المعاصر رياضيات 1ع و 2ع | H17: 2 | I17: 1 | J17: =IF(H17="","",H17-I17) -> 1 | K17: 1200 | M17: =IF(K17="","",K17*(1-L17)) -> 1200 | N17: 1200 | O17: =IF(M17="","",M17-N17) -> 0 | P17: =IF(K17="","",IF(O17<=0,"مدفوع بالكامل",IF(N17=0,"لم يدفع","دفع جزئي"))) -> مدفوع بالكامل | Q17: =IF(H17="","",IF(J17<=0,"تم التسليم بالكامل",IF(I17=0,"لم يبدأ التنفيذ","تسليم جزئي"))) -> تسليم جزئي
C18: =IF(D18="",0,IF(C18=0,TODAY(),C18)) -> 0 | D18: سامي أبو النصر | E18: 1016610456 | F18: مهند إبراهيم | G18: المعاصر رياضيات 1ع و 2ع و 3ع | H18: 3 | I18: 2 | J18: =IF(H18="","",H18-I18) -> 1 | K18: 2250 | M18: =IF(K18="","",K18*(1-L18)) -> 2250 | N18: 1800 | O18: =IF(M18="","",M18-N18) -> 450 | P18: =IF(K18="","",IF(O18<=0,"مدفوع بالكامل",IF(N18=0,"لم يدفع","دفع جزئي"))) -> دفع جزئي | Q18: =IF(H18="","",IF(J18<=0,"تم التسليم بالكامل",IF(I18=0,"لم يبدأ التنفيذ","تسليم جزئي"))) -> تسليم جزئي | R18: نمسح الصورة ورقم التليفون من الفريم
C19: =IF(D19="",0,IF(C19=0,TODAY(),C19)) -> 0 | D19: تامر شعبان أحمد | E19: 1282568330 | F19: مهند إبراهيم | G19: المعاصر رياضيات 1ع و 2ع و3ع و1ث و2ث | H19: 5 | I19: 2 | J19: =IF(H19="","",H19-I19) -> 3 | K19: 4200 | M19: =IF(K19="","",K19*(1-L19)) -> 4200 | N19: 2400 | O19: =IF(M19="","",M19-N19) -> 1800 | P19: =IF(K19="","",IF(O19<=0,"مدفوع بالكامل",IF(N19=0,"لم يدفع","دفع جزئي"))) -> دفع جزئي | Q19: =IF(H19="","",IF(J19<=0,"تم التسليم بالكامل",IF(I19=0,"لم يبدأ التنفيذ","تسليم جزئي"))) -> تسليم جزئي | R19: اول وحدة ف 3
C20: =IF(D20="",0,IF(C20=0,TODAY(),C20)) -> 0 | D20: أحمد أبو عمر | E20: 1001257825 | F20: مهند إبراهيم | G20: المعاصر رياضيات 1ع و2ع و3ع | H20: 3 | I20: 2 | J20: =IF(H20="","",H20-I20) -> 1 | K20: 1800 | M20: =IF(K20="","",K20*(1-L20)) -> 1800 | N20: 1500 | O20: =IF(M20="","",M20-N20) -> 300 | P20: =IF(K20="","",IF(O20<=0,"مدفوع بالكامل",IF(N20=0,"لم يدفع","دفع جزئي"))) -> دفع جزئي | Q20: =IF(H20="","",IF(J20<=0,"تم التسليم بالكامل",IF(I20=0,"لم يبدأ التنفيذ","تسليم جزئي"))) -> تسليم جزئي | R20: أول وحدة ف 3
C21: =IF(D21="",0,IF(C21=0,TODAY(),C21)) -> 0 | D21: أحمد شهاب | E21: 1005372274 | F21: مهند إبراهيم | G21: المعاصر رياضيات 3ع و1ث | H21: 2 | J21: =IF(H21="","",H21-I21) -> 2 | K21: 1200 | M21: =IF(K21="","",K21*(1-L21)) -> 1200 | N21: 600 | O21: =IF(M21="","",M21-N21) -> 600 | P21: =IF(K21="","",IF(O21<=0,"مدفوع بالكامل",IF(N21=0,"لم يدفع","دفع جزئي"))) -> دفع جزئي | Q21: =IF(H21="","",IF(J21<=0,"تم التسليم بالكامل",IF(I21=0,"لم يبدأ التنفيذ","تسليم جزئي"))) -> لم يبدأ التنفيذ | R21: أول وحدة ف 3
C22: =IF(D22="",0,IF(C22=0,TODAY(),C22)) -> 0 | D22: رضا خيرت علي | E22: 1008901896 | F22: مهند إبراهيم | G22: المعاصر رياضيات 1ع و2ع و3ع و1ث | H22: 4 | I22: 2 | J22: =IF(H22="","",H22-I22) -> 2 | K22: 2400 | M22: =IF(K22="","",K22*(1-L22)) -> 2400 | N22: 2000 | O22: =IF(M22="","",M22-N22) -> 400 | P22: =IF(K22="","",IF(O22<=0,"مدفوع بالكامل",IF(N22=0,"لم يدفع","دفع جزئي"))) -> دفع جزئي | Q22: =IF(H22="","",IF(J22<=0,"تم التسليم بالكامل",IF(I22=0,"لم يبدأ التنفيذ","تسليم جزئي"))) -> تسليم جزئي
C23: =IF(D23="",0,IF(C23=0,TODAY(),C23)) -> 0 | D23: حسين أنور | E23: 1090488380 | F23: مهند إبراهيم | G23: المعاصر رياضيات 1ع و2ع و3ع | H23: 3 | I23: 2 | J23: =IF(H23="","",H23-I23) -> 1 | K23: 1800 | M23: =IF(K23="","",K23*(1-L23)) -> 1800 | N23: 1500 | O23: =IF(M23="","",M23-N23) -> 300 | P23: =IF(K23="","",IF(O23<=0,"مدفوع بالكامل",IF(N23=0,"لم يدفع","دفع جزئي"))) -> دفع جزئي | Q23: =IF(H23="","",IF(J23<=0,"تم التسليم بالكامل",IF(I23=0,"لم يبدأ التنفيذ","تسليم جزئي"))) -> تسليم جزئي
C24: =IF(D24="",0,IF(C24=0,TODAY(),C24)) -> 0 | D24: علاء الغريب | E24: 1026019730 | F24: مهند إبراهيم | G24: المعاصر 1ع و2ع و3ع | H24: 3 | I24: 2 | J24: =IF(H24="","",H24-I24) -> 1 | K24: 1950 | M24: =IF(K24="","",K24*(1-L24)) -> 1950 | N24: 1650 | O24: =IF(M24="","",M24-N24) -> 300 | P24: =IF(K24="","",IF(O24<=0,"مدفوع بالكامل",IF(N24=0,"لم يدفع","دفع جزئي"))) -> دفع جزئي | Q24: =IF(H24="","",IF(J24<=0,"تم التسليم بالكامل",IF(I24=0,"لم يبدأ التنفيذ","تسليم جزئي"))) -> تسليم جزئي | R24: نشيل صورة المستر من 2ع و3ع
C25: =IF(D25="",0,IF(C25=0,TODAY(),C25)) -> 0 | D25: حسام البحيري | E25: 1091891817 | F25: مهند إبراهيم | G25: المعاصر رياضيات 1ع | H25: 1 | I25: 1 | J25: =IF(H25="","",H25-I25) -> 0 | K25: 750 | M25: =IF(K25="","",K25*(1-L25)) -> 750 | N25: 750 | O25: =IF(M25="","",M25-N25) -> 0 | P25: =IF(K25="","",IF(O25<=0,"مدفوع بالكامل",IF(N25=0,"لم يدفع","دفع جزئي"))) -> مدفوع بالكامل | Q25: =IF(H25="","",IF(J25<=0,"تم التسليم بالكامل",IF(I25=0,"لم يبدأ التنفيذ","تسليم جزئي"))) -> تم التسليم بالكامل
C26: =IF(D26="",0,IF(C26=0,TODAY(),C26)) -> 0 | D26: محمود عيسي | E26: 1010050042 | F26: مهند إبراهيم | G26: المعاصر رياضيات 1ع | H26: 1 | I26: 1 | J26: =IF(H26="","",H26-I26) -> 0 | K26: 750 | M26: =IF(K26="","",K26*(1-L26)) -> 750 | N26: 750 | O26: =IF(M26="","",M26-N26) -> 0 | P26: =IF(K26="","",IF(O26<=0,"مدفوع بالكامل",IF(N26=0,"لم يدفع","دفع جزئي"))) -> مدفوع بالكامل | Q26: =IF(H26="","",IF(J26<=0,"تم التسليم بالكامل",IF(I26=0,"لم يبدأ التنفيذ","تسليم جزئي"))) -> تم التسليم بالكامل
C27: =IF(D27="",0,IF(C27=0,TODAY(),C27)) -> 0 | D27: محمد أبو حجازي | E27: 1124283725 | F27: مهند إبراهيم | G27: المعاصر رياضيات 1ع و2ع و3ع | H27: 3 | I27: 2 | J27: =IF(H27="","",H27-I27) -> 1 | K27: 1800 | M27: =IF(K27="","",K27*(1-L27)) -> 1800 | N27: 1500 | O27: =IF(M27="","",M27-N27) -> 300 | P27: =IF(K27="","",IF(O27<=0,"مدفوع بالكامل",IF(N27=0,"لم يدفع","دفع جزئي"))) -> دفع جزئي | Q27: =IF(H27="","",IF(J27<=0,"تم التسليم بالكامل",IF(I27=0,"لم يبدأ التنفيذ","تسليم جزئي"))) -> تسليم جزئي
C28: =IF(D28="",0,IF(C28=0,TODAY(),C28)) -> 0 | D28: محمد عادل النعيمي | E28: 1277986842 | F28: مهند إبراهيم | G28: المعاصر ماث 3ع و1ث | H28: 2 | J28: =IF(H28="","",H28-I28) -> 2 | K28: 1500 | M28: =IF(K28="","",K28*(1-L28)) -> 1500 | N28: 750 | O28: =IF(M28="","",M28-N28) -> 750 | P28: =IF(K28="","",IF(O28<=0,"مدفوع بالكامل",IF(N28=0,"لم يدفع","دفع جزئي"))) -> دفع جزئي | Q28: =IF(H28="","",IF(J28<=0,"تم التسليم بالكامل",IF(I28=0,"لم يبدأ التنفيذ","تسليم جزئي"))) -> لم يبدأ التنفيذ
C29: =IF(D29="",0,IF(C29=0,TODAY(),C29)) -> 0 | D29: إبراهيم نوار | E29: 1555820112 | F29: مهند إبراهيم | G29: المعاصر رياضيات 1ع و2ع و3ع | H29: 3 | I29: 2 | J29: =IF(H29="","",H29-I29) -> 1 | K29: 1950 | M29: =IF(K29="","",K29*(1-L29)) -> 1950 | N29: 1650 | O29: =IF(M29="","",M29-N29) -> 300 | P29: =IF(K29="","",IF(O29<=0,"مدفوع بالكامل",IF(N29=0,"لم يدفع","دفع جزئي"))) -> دفع جزئي | Q29: =IF(H29="","",IF(J29<=0,"تم التسليم بالكامل",IF(I29=0,"لم يبدأ التنفيذ","تسليم جزئي"))) -> تسليم جزئي
C30: =IF(D30="",0,IF(C30=0,TODAY(),C30)) -> 0 | D30: Farghl Ramadan | E30: 1145557336 | F30: مهند إبراهيم | G30: المعاصر ماث 1ع و2ع و3ع | H30: 3 | J30: =IF(H30="","",H30-I30) -> 3 | K30: 1800 | M30: =IF(K30="","",K30*(1-L30)) -> 1800 | N30: 900 | O30: =IF(M30="","",M30-N30) -> 900 | P30: =IF(K30="","",IF(O30<=0,"مدفوع بالكامل",IF(N30=0,"لم يدفع","دفع جزئي"))) -> دفع جزئي | Q30: =IF(H30="","",IF(J30<=0,"تم التسليم بالكامل",IF(I30=0,"لم يبدأ التنفيذ","تسليم جزئي"))) -> لم يبدأ التنفيذ
C31: =IF(D31="",0,IF(C31=0,TODAY(),C31)) -> 0 | D31: Eslam Elsamahy | E31: 1000897389 | F31: مهند إبراهيم | G31: المعاصر ماث 1ع و2ع و3ع | H31: 3 | J31: =IF(H31="","",H31-I31) -> 3 | K31: 1800 | M31: =IF(K31="","",K31*(1-L31)) -> 1800 | N31: 900 | O31: =IF(M31="","",M31-N31) -> 900 | P31: =IF(K31="","",IF(O31<=0,"مدفوع بالكامل",IF(N31=0,"لم يدفع","دفع جزئي"))) -> دفع جزئي | Q31: =IF(H31="","",IF(J31<=0,"تم التسليم بالكامل",IF(I31=0,"لم يبدأ التنفيذ","تسليم جزئي"))) -> لم يبدأ التنفيذ
C32: =IF(D32="",0,IF(C32=0,TODAY(),C32)) -> 0 | D32: المغربي صابر صابر | E32: 1004984605 | F32: مهند إبراهيم | G32: المعاصر رياضيات 1ع و2ع و 3ع | H32: 3 | I32: 2 | J32: =IF(H32="","",H32-I32) -> 1 | K32: 1800 | M32: =IF(K32="","",K32*(1-L32)) -> 1800 | N32: 1500 | O32: =IF(M32="","",M32-N32) -> 300 | P32: =IF(K32="","",IF(O32<=0,"مدفوع بالكامل",IF(N32=0,"لم يدفع","دفع جزئي"))) -> دفع جزئي | Q32: =IF(H32="","",IF(J32<=0,"تم التسليم بالكامل",IF(I32=0,"لم يبدأ التنفيذ","تسليم جزئي"))) -> تسليم جزئي
C33: =IF(D33="",0,IF(C33=0,TODAY(),C33)) -> 0 | D33: مجدي إمام | E33: 1023376696 | F33: مهند إبراهيم | G33: المعاصر رياضيات 1ث و2ث | H33: 2 | J33: =IF(H33="","",H33-I33) -> 2 | K33: 1800 | M33: =IF(K33="","",K33*(1-L33)) -> 1800 | N33: 1100 | O33: =IF(M33="","",M33-N33) -> 700 | P33: =IF(K33="","",IF(O33<=0,"مدفوع بالكامل",IF(N33=0,"لم يدفع","دفع جزئي"))) -> دفع جزئي | Q33: =IF(H33="","",IF(J33<=0,"تم التسليم بالكامل",IF(I33=0,"لم يبدأ التنفيذ","تسليم جزئي"))) -> لم يبدأ التنفيذ
C34: =IF(D34="",0,IF(C34=0,TODAY(),C34)) -> 0 | D34: أحمد رفعت | E34: 1273040764 | F34: مهند إبراهيم | G34: المعاصر رياضيات 1ع و2ع و3ع و1ث | H34: 4 | I34: 1 | J34: =IF(H34="","",H34-I34) -> 3 | K34: 2400 | M34: =IF(K34="","",K34*(1-L34)) -> 2400 | N34: 1200 | O34: =IF(M34="","",M34-N34) -> 1200 | P34: =IF(K34="","",IF(O34<=0,"مدفوع بالكامل",IF(N34=0,"لم يدفع","دفع جزئي"))) -> دفع جزئي | Q34: =IF(H34="","",IF(J34<=0,"تم التسليم بالكامل",IF(I34=0,"لم يبدأ التنفيذ","تسليم جزئي"))) -> تسليم جزئي | R34: تعديل الصورة
C35: =IF(D35="",0,IF(C35=0,TODAY(),C35)) -> 0 | D35: محمود سامح | E35: 1552155051 | F35: مهند إبراهيم | G35: المعاصر رياضيات 3ع و1ث | H35: 2 | J35: =IF(H35="","",H35-I35) -> 2 | K35: 1200 | M35: =IF(K35="","",K35*(1-L35)) -> 1200 | N35: 600 | O35: =IF(M35="","",M35-N35) -> 600 | P35: =IF(K35="","",IF(O35<=0,"مدفوع بالكامل",IF(N35=0,"لم يدفع","دفع جزئي"))) -> دفع جزئي | Q35: =IF(H35="","",IF(J35<=0,"تم التسليم بالكامل",IF(I35=0,"لم يبدأ التنفيذ","تسليم جزئي"))) -> لم يبدأ التنفيذ
C36: =IF(D36="",0,IF(C36=0,TODAY(),C36)) -> 0 | D36: خليل محمود | E36: 1119187715 | F36: مهند إبراهيم | G36: المعاصر رياضيات 1ع و2ع و3ع | H36: 3 | I36: 2 | J36: =IF(H36="","",H36-I36) -> 1 | K36: 1800 | L36: 0.17 | M36: =IF(K36="","",K36*(1-L36)) -> 1494 | N36: 1500 | O36: =IF(M36="","",M36-N36) -> -6 | P36: =IF(K36="","",IF(O36<=0,"مدفوع بالكامل",IF(N36=0,"لم يدفع","دفع جزئي"))) -> مدفوع بالكامل | Q36: =IF(H36="","",IF(J36<=0,"تم التسليم بالكامل",IF(I36=0,"لم يبدأ التنفيذ","تسليم جزئي"))) -> تسليم جزئي
C37: =IF(D37="",0,IF(C37=0,TODAY(),C37)) -> 0 | D37: كيرلس قاصد | E37: 1220598361 | F37: مهند إبراهيم | G37: المعاصر رياضيات 1ع و2ع و3ع و1ث و2ث | H37: 5 | I37: 2 | J37: =IF(H37="","",H37-I37) -> 3 | K37: 3000 | M37: =IF(K37="","",K37*(1-L37)) -> 3000 | N37: 1500 | O37: =IF(M37="","",M37-N37) -> 1500 | P37: =IF(K37="","",IF(O37<=0,"مدفوع بالكامل",IF(N37=0,"لم يدفع","دفع جزئي"))) -> دفع جزئي | Q37: =IF(H37="","",IF(J37<=0,"تم التسليم بالكامل",IF(I37=0,"لم يبدأ التنفيذ","تسليم جزئي"))) -> تسليم جزئي
C38: =IF(D38="",0,IF(C38=0,TODAY(),C38)) -> 0 | D38: محمد وليد محمد | E38: 1010906262 | F38: مهند إبراهيم | G38: المعاصر رياضيات 1ع و2ع و3ع و1ث | H38: 4 | I38: 2 | J38: =IF(H38="","",H38-I38) -> 2 | K38: 2400 | M38: =IF(K38="","",K38*(1-L38)) -> 2400 | N38: 1200 | O38: =IF(M38="","",M38-N38) -> 1200 | P38: =IF(K38="","",IF(O38<=0,"مدفوع بالكامل",IF(N38=0,"لم يدفع","دفع جزئي"))) -> دفع جزئي | Q38: =IF(H38="","",IF(J38<=0,"تم التسليم بالكامل",IF(I38=0,"لم يبدأ التنفيذ","تسليم جزئي"))) -> تسليم جزئي
C39: =IF(D39="",0,IF(C39=0,TODAY(),C39)) -> 0 | D39: عمر المأزون | E39: 1016094888 | F39: مهند إبراهيم | G39: المعاصر رياضيات 3ع 2ث | H39: 2 | J39: =IF(H39="","",H39-I39) -> 2 | K39: 1200 | M39: =IF(K39="","",K39*(1-L39)) -> 1200 | N39: 600 | O39: =IF(M39="","",M39-N39) -> 600 | P39: =IF(K39="","",IF(O39<=0,"مدفوع بالكامل",IF(N39=0,"لم يدفع","دفع جزئي"))) -> دفع جزئي | Q39: =IF(H39="","",IF(J39<=0,"تم التسليم بالكامل",IF(I39=0,"لم يبدأ التنفيذ","تسليم جزئي"))) -> لم يبدأ التنفيذ
C40: =IF(D40="",0,IF(C40=0,TODAY(),C40)) -> 0 | D40: أحمد حلمي مصطفي | E40: 1080467021 | F40: مهند إبراهيم | G40: المعاصر رياضيات 3ع و1ث | H40: 2 | J40: =IF(H40="","",H40-I40) -> 2 | M40: =IF(K40="","",K40*(1-L40)) | O40: =IF(M40="","",M40-N40) | P40: =IF(K40="","",IF(O40<=0,"مدفوع بالكامل",IF(N40=0,"لم يدفع","دفع جزئي"))) | Q40: =IF(H40="","",IF(J40<=0,"تم التسليم بالكامل",IF(I40=0,"لم يبدأ التنفيذ","تسليم جزئي"))) -> لم يبدأ التنفيذ
C41: =IF(D41="",0,IF(C41=0,TODAY(),C41)) -> 0 | D41: أحمد لامي | E41: 201060561257 | F41: مهند إبراهيم | G41: المعاصر رياضيات 1ع و2ع و3ع | H41: 3 | I41: 1 | J41: =IF(H41="","",H41-I41) -> 2 | K41: 1800 | M41: =IF(K41="","",K41*(1-L41)) -> 1800 | N41: 1200 | O41: =IF(M41="","",M41-N41) -> 600 | P41: =IF(K41="","",IF(O41<=0,"مدفوع بالكامل",IF(N41=0,"لم يدفع","دفع جزئي"))) -> دفع جزئي | Q41: =IF(H41="","",IF(J41<=0,"تم التسليم بالكامل",IF(I41=0,"لم يبدأ التنفيذ","تسليم جزئي"))) -> تسليم جزئي
C42: =IF(D42="",0,IF(C42=0,TODAY(),C42)) -> 0 | D42: محمد زيدان | F42: مهند إبراهيم | J42: =IF(H42="","",H42-I42) | M42: =IF(K42="","",K42*(1-L42)) | O42: =IF(M42="","",M42-N42) | P42: =IF(K42="","",IF(O42<=0,"مدفوع بالكامل",IF(N42=0,"لم يدفع","دفع جزئي"))) | Q42: =IF(H42="","",IF(J42<=0,"تم التسليم بالكامل",IF(I42=0,"لم يبدأ التنفيذ","تسليم جزئي"))) | R42: لغي حجز
C43: =IF(D43="",0,IF(C43=0,TODAY(),C43)) -> 0 | D43: أحمد حسين | E43: 1121289958 | F43: مهند إبراهيم | H43: 3 | I43: 2 | J43: =IF(H43="","",H43-I43) -> 1 | K43: 1800 | M43: =IF(K43="","",K43*(1-L43)) -> 1800 | N43: 900 | O43: =IF(M43="","",M43-N43) -> 900 | P43: =IF(K43="","",IF(O43<=0,"مدفوع بالكامل",IF(N43=0,"لم يدفع","دفع جزئي"))) -> دفع جزئي | Q43: =IF(H43="","",IF(J43<=0,"تم التسليم بالكامل",IF(I43=0,"لم يبدأ التنفيذ","تسليم جزئي"))) -> تسليم جزئي
C44: =IF(D44="",0,IF(C44=0,TODAY(),C44)) -> 0 | D44: محمد عبدالحميد | E44: 1205809234 | F44: مهند إبراهيم | G44: المعاصر رياضيات 1ع و2ع و3ع | H44: 3 | I44: 1 | J44: =IF(H44="","",H44-I44) -> 2 | K44: 1800 | M44: =IF(K44="","",K44*(1-L44)) -> 1800 | N44: 900 | O44: =IF(M44="","",M44-N44) -> 900 | P44: =IF(K44="","",IF(O44<=0,"مدفوع بالكامل",IF(N44=0,"لم يدفع","دفع جزئي"))) -> دفع جزئي | Q44: =IF(H44="","",IF(J44<=0,"تم التسليم بالكامل",IF(I44=0,"لم يبدأ التنفيذ","تسليم جزئي"))) -> تسليم جزئي
C45: =IF(D45="",0,IF(C45=0,TODAY(),C45)) -> 0 | D45: أحمد سمير إبراهيم | E45: 1555655126 | F45: مهند إبراهيم | G45: المعاصر رياضيات 1ع و2ع و3ع | H45: 3 | I45: 1 | J45: =IF(H45="","",H45-I45) -> 2 | K45: 1800 | M45: =IF(K45="","",K45*(1-L45)) -> 1800 | N45: 1500 | O45: =IF(M45="","",M45-N45) -> 300 | P45: =IF(K45="","",IF(O45<=0,"مدفوع بالكامل",IF(N45=0,"لم يدفع","دفع جزئي"))) -> دفع جزئي | Q45: =IF(H45="","",IF(J45<=0,"تم التسليم بالكامل",IF(I45=0,"لم يبدأ التنفيذ","تسليم جزئي"))) -> تسليم جزئي | R45: تم تعديل الوتر مارك
C46: =IF(D46="",0,IF(C46=0,TODAY(),C46)) -> 0 | D46: إبراهيم فوزي | E46: 1091224928 | F46: مهند إبراهيم | G46: الأمثلة وحاول بنفسك 1ع و2ع و3ع | H46: 3 | I46: 2 | J46: =IF(H46="","",H46-I46) -> 1 | K46: 1800 | M46: =IF(K46="","",K46*(1-L46)) -> 1800 | N46: 1200 | O46: =IF(M46="","",M46-N46) -> 600 | P46: =IF(K46="","",IF(O46<=0,"مدفوع بالكامل",IF(N46=0,"لم يدفع","دفع جزئي"))) -> دفع جزئي | Q46: =IF(H46="","",IF(J46<=0,"تم التسليم بالكامل",IF(I46=0,"لم يبدأ التنفيذ","تسليم جزئي"))) -> تسليم جزئي
C47: =IF(D47="",0,IF(C47=0,TODAY(),C47)) -> 0 | D47: مها الكمار | E47: 1271717265 | F47: مهند إبراهيم | G47: المعاصر ماث 1ع و2ع و3ع ماث | H47: 3 | I47: 0 | J47: =IF(H47="","",H47-I47) -> 3 | K47: 1800 | M47: =IF(K47="","",K47*(1-L47)) -> 1800 | N47: 900 | O47: =IF(M47="","",M47-N47) -> 900 | P47: =IF(K47="","",IF(O47<=0,"مدفوع بالكامل",IF(N47=0,"لم يدفع","دفع جزئي"))) -> دفع جزئي | Q47: =IF(H47="","",IF(J47<=0,"تم التسليم بالكامل",IF(I47=0,"لم يبدأ التنفيذ","تسليم جزئي"))) -> لم يبدأ التنفيذ
C48: =IF(D48="",0,IF(C48=0,TODAY(),C48)) -> 0 | D48: عادل زيدان | E48: 1000911254 | F48: مهند إبراهيم | G48: المعاصر رياضيات 1ع و2ع و3ع | H48: 3 | I48: 1 | J48: =IF(H48="","",H48-I48) -> 2 | K48: 1800 | M48: =IF(K48="","",K48*(1-L48)) -> 1800 | N48: 1800 | O48: =IF(M48="","",M48-N48) -> 0 | P48: =IF(K48="","",IF(O48<=0,"مدفوع بالكامل",IF(N48=0,"لم يدفع","دفع جزئي"))) -> مدفوع بالكامل | Q48: =IF(H48="","",IF(J48<=0,"تم التسليم بالكامل",IF(I48=0,"لم يبدأ التنفيذ","تسليم جزئي"))) -> تسليم جزئي
C49: =IF(D49="",0,IF(C49=0,TODAY(),C49)) -> 0 | D49: سعيد وهدان | E49: 1283340722 | F49: مهند إبراهيم | G49: المعاصر رياضيات 1ع و2ع و3ع | H49: 3 | I49: 1 | J49: =IF(H49="","",H49-I49) -> 2 | K49: 1800 | M49: =IF(K49="","",K49*(1-L49)) -> 1800 | N49: 1200 | O49: =IF(M49="","",M49-N49) -> 600 | P49: =IF(K49="","",IF(O49<=0,"مدفوع بالكامل",IF(N49=0,"لم يدفع","دفع جزئي"))) -> دفع جزئي | Q49: =IF(H49="","",IF(J49<=0,"تم التسليم بالكامل",IF(I49=0,"لم يبدأ التنفيذ","تسليم جزئي"))) -> تسليم جزئي
C50: =IF(D50="",0,IF(C50=0,TODAY(),C50)) -> 0 | D50: إبراهيم عبدالمولي | E50: 1017002363 | F50: مهند إبراهيم | G50: المعاصر رياضيات 1ع و2ع و3ع | H50: 3 | I50: 1 | J50: =IF(H50="","",H50-I50) -> 2 | K50: 1800 | M50: =IF(K50="","",K50*(1-L50)) -> 1800 | N50: 1100 | O50: =IF(M50="","",M50-N50) -> 700 | P50: =IF(K50="","",IF(O50<=0,"مدفوع بالكامل",IF(N50=0,"لم يدفع","دفع جزئي"))) -> دفع جزئي | Q50: =IF(H50="","",IF(J50<=0,"تم التسليم بالكامل",IF(I50=0,"لم يبدأ التنفيذ","تسليم جزئي"))) -> تسليم جزئي
C51: =IF(D51="",0,IF(C51=0,TODAY(),C51)) -> 0 | D51: عبدالرحمن مصطفي الهلالي | E51: 1143031110 | F51: مهند إبراهيم | G51: المعاصر رياضيات 1ع و2ع و3ع | H51: 3 | I51: 1 | J51: =IF(H51="","",H51-I51) -> 2 | K51: 1800 | M51: =IF(K51="","",K51*(1-L51)) -> 1800 | N51: 1200 | O51: =IF(M51="","",M51-N51) -> 600 | P51: =IF(K51="","",IF(O51<=0,"مدفوع بالكامل",IF(N51=0,"لم يدفع","دفع جزئي"))) -> دفع جزئي | Q51: =IF(H51="","",IF(J51<=0,"تم التسليم بالكامل",IF(I51=0,"لم يبدأ التنفيذ","تسليم جزئي"))) -> تسليم جزئي
C52: =IF(D52="",0,IF(C52=0,TODAY(),C52)) -> 0 | D52: خالد كمال الدين | E52: 1010026181 | F52: مهند إبراهيم | G52: المعاصر رياضيات 1ع و2ع و3ع و1ث | H52: 4 | I52: 2 | J52: =IF(H52="","",H52-I52) -> 2 | K52: 2400 | M52: =IF(K52="","",K52*(1-L52)) -> 2400 | N52: 1000 | O52: =IF(M52="","",M52-N52) -> 1400 | P52: =IF(K52="","",IF(O52<=0,"مدفوع بالكامل",IF(N52=0,"لم يدفع","دفع جزئي"))) -> دفع جزئي | Q52: =IF(H52="","",IF(J52<=0,"تم التسليم بالكامل",IF(I52=0,"لم يبدأ التنفيذ","تسليم جزئي"))) -> تسليم جزئي
C53: =IF(D53="",0,IF(C53=0,TODAY(),C53)) -> 0 | D53: أسامة عبد اللطيف | E53: 1100737860 | F53: مهند إبراهيم | G53: المعاصر رياضيات 1ع و2ع | H53: 2 | I53: 2 | J53: =IF(H53="","",H53-I53) -> 0 | K53: 1200 | M53: =IF(K53="","",K53*(1-L53)) -> 1200 | N53: 900 | O53: =IF(M53="","",M53-N53) -> 300 | P53: =IF(K53="","",IF(O53<=0,"مدفوع بالكامل",IF(N53=0,"لم يدفع","دفع جزئي"))) -> دفع جزئي | Q53: =IF(H53="","",IF(J53<=0,"تم التسليم بالكامل",IF(I53=0,"لم يبدأ التنفيذ","تسليم جزئي"))) -> تم التسليم بالكامل
C54: =IF(D54="",0,IF(C54=0,TODAY(),C54)) -> 0 | D54: حمدي محمد | E54: 1009027686 | F54: مهند إبراهيم | G54: المعاصر رياضيات 1ع و2ع و3ع | H54: 3 | I54: 2 | J54: =IF(H54="","",H54-I54) -> 1 | K54: 1800 | M54: =IF(K54="","",K54*(1-L54)) -> 1800 | N54: 1200 | O54: =IF(M54="","",M54-N54) -> 600 | P54: =IF(K54="","",IF(O54<=0,"مدفوع بالكامل",IF(N54=0,"لم يدفع","دفع جزئي"))) -> دفع جزئي | Q54: =IF(H54="","",IF(J54<=0,"تم التسليم بالكامل",IF(I54=0,"لم يبدأ التنفيذ","تسليم جزئي"))) -> تسليم جزئي
C55: =IF(D55="",0,IF(C55=0,TODAY(),C55)) -> 0 | D55: Mohamed farid | E55: 1201482032 | F55: مهند إبراهيم | G55: المعاصر ماث 2ع و3ع | H55: 2 | J55: =IF(H55="","",H55-I55) -> 2 | K55: 1200 | M55: =IF(K55="","",K55*(1-L55)) -> 1200 | N55: 600 | O55: =IF(M55="","",M55-N55) -> 600 | P55: =IF(K55="","",IF(O55<=0,"مدفوع بالكامل",IF(N55=0,"لم يدفع","دفع جزئي"))) -> دفع جزئي | Q55: =IF(H55="","",IF(J55<=0,"تم التسليم بالكامل",IF(I55=0,"لم يبدأ التنفيذ","تسليم جزئي"))) -> لم يبدأ التنفيذ
C56: =IF(D56="",0,IF(C56=0,TODAY(),C56)) -> 0 | D56: القناوي المهدي | E56: 1005235881 | F56: مهند إبراهيم | G56: المعاصر رياضيات 1ع و2ع و3ع | H56: 3 | I56: 1 | J56: =IF(H56="","",H56-I56) -> 2 | K56: 1800 | M56: =IF(K56="","",K56*(1-L56)) -> 1800 | N56: 1200 | O56: =IF(M56="","",M56-N56) -> 600 | P56: =IF(K56="","",IF(O56<=0,"مدفوع بالكامل",IF(N56=0,"لم يدفع","دفع جزئي"))) -> دفع جزئي | Q56: =IF(H56="","",IF(J56<=0,"تم التسليم بالكامل",IF(I56=0,"لم يبدأ التنفيذ","تسليم جزئي"))) -> تسليم جزئي
C57: =IF(D57="",0,IF(C57=0,TODAY(),C57)) -> 0 | D57: علي محمد عبدالرؤوف | E57: 1100923586 | F57: مهند إبراهيم | G57: المعاصر رياضيات 1ع و2ع و3ع | H57: 3 | J57: =IF(H57="","",H57-I57) -> 3 | K57: 1800 | M57: =IF(K57="","",K57*(1-L57)) -> 1800 | N57: 300 | O57: =IF(M57="","",M57-N57) -> 1500 | P57: =IF(K57="","",IF(O57<=0,"مدفوع بالكامل",IF(N57=0,"لم يدفع","دفع جزئي"))) -> دفع جزئي | Q57: =IF(H57="","",IF(J57<=0,"تم التسليم بالكامل",IF(I57=0,"لم يبدأ التنفيذ","تسليم جزئي"))) -> لم يبدأ التنفيذ
C58: =IF(D58="",0,IF(C58=0,TODAY(),C58)) -> 0 | D58: محمد أسامة أبو العينين | E58: 1030079438 | F58: مهند إبراهيم | G58: المعاصر ررياضيات 1ع و2ع و3ع | H58: 3 | I58: 1 | J58: =IF(H58="","",H58-I58) -> 2 | K58: 1800 | L58: 0.17 | M58: =IF(K58="","",K58*(1-L58)) -> 1494 | N58: 750 | O58: =IF(M58="","",M58-N58) -> 744 | P58: =IF(K58="","",IF(O58<=0,"مدفوع بالكامل",IF(N58=0,"لم يدفع","دفع جزئي"))) -> دفع جزئي | Q58: =IF(H58="","",IF(J58<=0,"تم التسليم بالكامل",IF(I58=0,"لم يبدأ التنفيذ","تسليم جزئي"))) -> تسليم جزئي
C59: =IF(D59="",0,IF(C59=0,TODAY(),C59)) -> 0 | D59: إبراهيم الدسوقي محمد | E59: 1003078364 | F59: مهند إبراهيم | G59: المعاصر رياضيات 2ع و3ع | H59: 2 | I59: 1 | J59: =IF(H59="","",H59-I59) -> 1 | K59: 1200 | M59: =IF(K59="","",K59*(1-L59)) -> 1200 | N59: 900 | O59: =IF(M59="","",M59-N59) -> 300 | P59: =IF(K59="","",IF(O59<=0,"مدفوع بالكامل",IF(N59=0,"لم يدفع","دفع جزئي"))) -> دفع جزئي | Q59: =IF(H59="","",IF(J59<=0,"تم التسليم بالكامل",IF(I59=0,"لم يبدأ التنفيذ","تسليم جزئي"))) -> تسليم جزئي
C60: =IF(D60="",0,IF(C60=0,TODAY(),C60)) -> 0 | D60: محمد القللي | E60: 1000281608 | F60: مهند إبراهيم | G60: المعاصر رياضيات 1ع و2ع | H60: 2 | I60: 1 | J60: =IF(H60="","",H60-I60) -> 1 | K60: 1200 | M60: =IF(K60="","",K60*(1-L60)) -> 1200 | N60: 600 | O60: =IF(M60="","",M60-N60) -> 600 | P60: =IF(K60="","",IF(O60<=0,"مدفوع بالكامل",IF(N60=0,"لم يدفع","دفع جزئي"))) -> دفع جزئي | Q60: =IF(H60="","",IF(J60<=0,"تم التسليم بالكامل",IF(I60=0,"لم يبدأ التنفيذ","تسليم جزئي"))) -> تسليم جزئي
C61: =IF(D61="",0,IF(C61=0,TODAY(),C61)) -> 0 | D61: سعيد صابر الهلالي | E61: 1225944726 | F61: مهند إبراهيم | G61: المعاصر رياضيات 1ع و2ع و3ع | H61: 3 | I61: 1 | J61: =IF(H61="","",H61-I61) -> 2 | K61: 1800 | M61: =IF(K61="","",K61*(1-L61)) -> 1800 | N61: 1200 | O61: =IF(M61="","",M61-N61) -> 600 | P61: =IF(K61="","",IF(O61<=0,"مدفوع بالكامل",IF(N61=0,"لم يدفع","دفع جزئي"))) -> دفع جزئي | Q61: =IF(H61="","",IF(J61<=0,"تم التسليم بالكامل",IF(I61=0,"لم يبدأ التنفيذ","تسليم جزئي"))) -> تسليم جزئي
C62: =IF(D62="",0,IF(C62=0,TODAY(),C62)) -> 0 | D62: منال أبو جلالة | E62: 1096664818 | F62: مهند إبراهيم | G62: المعاصر رياضيات 2ع و3ع | H62: 2 | I62: 1 | J62: =IF(H62="","",H62-I62) -> 1 | K62: 1200 | M62: =IF(K62="","",K62*(1-L62)) -> 1200 | N62: 900 | O62: =IF(M62="","",M62-N62) -> 300 | P62: =IF(K62="","",IF(O62<=0,"مدفوع بالكامل",IF(N62=0,"لم يدفع","دفع جزئي"))) -> دفع جزئي | Q62: =IF(H62="","",IF(J62<=0,"تم التسليم بالكامل",IF(I62=0,"لم يبدأ التنفيذ","تسليم جزئي"))) -> تسليم جزئي
C63: =IF(D63="",0,IF(C63=0,TODAY(),C63)) -> 0 | D63: محمد نهاد | E63: 1006896785 | F63: مهند إبراهيم | G63: المعاصر رياضيات 1ع و2ع | H63: 2 | I63: 2 | J63: =IF(H63="","",H63-I63) -> 0 | K63: 1200 | M63: =IF(K63="","",K63*(1-L63)) -> 1200 | N63: 1200 | O63: =IF(M63="","",M63-N63) -> 0 | P63: =IF(K63="","",IF(O63<=0,"مدفوع بالكامل",IF(N63=0,"لم يدفع","دفع جزئي"))) -> مدفوع بالكامل | Q63: =IF(H63="","",IF(J63<=0,"تم التسليم بالكامل",IF(I63=0,"لم يبدأ التنفيذ","تسليم جزئي"))) -> تم التسليم بالكامل
C64: =IF(D64="",0,IF(C64=0,TODAY(),C64)) -> 0 | D64: محمد الجندي | E64: 1223719171 | F64: مهند إبراهيم | G64: المعاصر رياضيات 1ع و2ع | H64: 2 | I64: 1 | J64: =IF(H64="","",H64-I64) -> 1 | K64: 1200 | M64: =IF(K64="","",K64*(1-L64)) -> 1200 | N64: 1200 | O64: =IF(M64="","",M64-N64) -> 0 | P64: =IF(K64="","",IF(O64<=0,"مدفوع بالكامل",IF(N64=0,"لم يدفع","دفع جزئي"))) -> مدفوع بالكامل | Q64: =IF(H64="","",IF(J64<=0,"تم التسليم بالكامل",IF(I64=0,"لم يبدأ التنفيذ","تسليم جزئي"))) -> تسليم جزئي
C65: =IF(D65="",0,IF(C65=0,TODAY(),C65)) -> 0 | D65: محمد سعد | E65: 1005888811 | F65: مهند إبراهيم | G65: المعاصر رياضيات 1ع و2ع و3ع | H65: 3 | J65: =IF(H65="","",H65-I65) -> 3 | K65: 1800 | M65: =IF(K65="","",K65*(1-L65)) -> 1800 | N65: 900 | O65: =IF(M65="","",M65-N65) -> 900 | P65: =IF(K65="","",IF(O65<=0,"مدفوع بالكامل",IF(N65=0,"لم يدفع","دفع جزئي"))) -> دفع جزئي | Q65: =IF(H65="","",IF(J65<=0,"تم التسليم بالكامل",IF(I65=0,"لم يبدأ التنفيذ","تسليم جزئي"))) -> لم يبدأ التنفيذ | R65: تعديل الوتر مارك
C66: =IF(D66="",0,IF(C66=0,TODAY(),C66)) -> 0 | D66: محمد صلاح رمضان | E66: 1027374752 | F66: مهند إبراهيم | G66: المعاصر رياضيات 1ع و2ع و3ع و1ث | H66: 4 | I66: 1 | J66: =IF(H66="","",H66-I66) -> 3 | K66: 2400 | M66: =IF(K66="","",K66*(1-L66)) -> 2400 | N66: 1800 | O66: =IF(M66="","",M66-N66) -> 600 | P66: =IF(K66="","",IF(O66<=0,"مدفوع بالكامل",IF(N66=0,"لم يدفع","دفع جزئي"))) -> دفع جزئي | Q66: =IF(H66="","",IF(J66<=0,"تم التسليم بالكامل",IF(I66=0,"لم يبدأ التنفيذ","تسليم جزئي"))) -> تسليم جزئي
C67: =IF(D67="",0,IF(C67=0,TODAY(),C67)) -> 0 | D67: مجدي زكي | E67: 1024100564 | F67: مهند إبراهيم | G67: المعاصر رياضيات 1ع و2ع و3ع و1ث و2ث | H67: 5 | I67: 1 | J67: =IF(H67="","",H67-I67) -> 4 | K67: 3000 | M67: =IF(K67="","",K67*(1-L67)) -> 3000 | N67: 2400 | O67: =IF(M67="","",M67-N67) -> 600 | P67: =IF(K67="","",IF(O67<=0,"مدفوع بالكامل",IF(N67=0,"لم يدفع","دفع جزئي"))) -> دفع جزئي | Q67: =IF(H67="","",IF(J67<=0,"تم التسليم بالكامل",IF(I67=0,"لم يبدأ التنفيذ","تسليم جزئي"))) -> تسليم جزئي
C68: =IF(D68="",0,IF(C68=0,TODAY(),C68)) -> 0 | D68: علاء الدين محمد علي | E68: 1127045557 | F68: مهند إبراهيم | G68: المعاصر رياضيات 1ع و2ع و3ع وث | H68: 4 | I68: 2 | J68: =IF(H68="","",H68-I68) -> 2 | K68: 2400 | M68: =IF(K68="","",K68*(1-L68)) -> 2400 | N68: 1800 | O68: =IF(M68="","",M68-N68) -> 600 | P68: =IF(K68="","",IF(O68<=0,"مدفوع بالكامل",IF(N68=0,"لم يدفع","دفع جزئي"))) -> دفع جزئي | Q68: =IF(H68="","",IF(J68<=0,"تم التسليم بالكامل",IF(I68=0,"لم يبدأ التنفيذ","تسليم جزئي"))) -> تسليم جزئي
C69: =IF(D69="",0,IF(C69=0,TODAY(),C69)) -> 0 | D69: عطية كامل حنا | E69: 1225573597 | F69: مهند إبراهيم | G69: المعاصر رياضيات 1ع و2ع | H69: 2 | I69: 1 | J69: =IF(H69="","",H69-I69) -> 1 | K69: 1200 | M69: =IF(K69="","",K69*(1-L69)) -> 1200 | N69: 900 | O69: =IF(M69="","",M69-N69) -> 300 | P69: =IF(K69="","",IF(O69<=0,"مدفوع بالكامل",IF(N69=0,"لم يدفع","دفع جزئي"))) -> دفع جزئي | Q69: =IF(H69="","",IF(J69<=0,"تم التسليم بالكامل",IF(I69=0,"لم يبدأ التنفيذ","تسليم جزئي"))) -> تسليم جزئي
C70: =IF(D70="",0,IF(C70=0,TODAY(),C70)) -> 0 | J70: =IF(H70="","",H70-I70) | M70: =IF(K70="","",K70*(1-L70)) | O70: =IF(M70="","",M70-N70) | P70: =IF(K70="","",IF(O70<=0,"مدفوع بالكامل",IF(N70=0,"لم يدفع","دفع جزئي"))) | Q70: =IF(H70="","",IF(J70<=0,"تم التسليم بالكامل",IF(I70=0,"لم يبدأ التنفيذ","تسليم جزئي")))
C71: =IF(D71="",0,IF(C71=0,TODAY(),C71)) -> 0 | J71: =IF(H71="","",H71-I71) | M71: =IF(K71="","",K71*(1-L71)) | O71: =IF(M71="","",M71-N71) | P71: =IF(K71="","",IF(O71<=0,"مدفوع بالكامل",IF(N71=0,"لم يدفع","دفع جزئي"))) | Q71: =IF(H71="","",IF(J71<=0,"تم التسليم بالكامل",IF(I71=0,"لم يبدأ التنفيذ","تسليم جزئي")))
C72: =IF(D72="",0,IF(C72=0,TODAY(),C72)) -> 0 | J72: =IF(H72="","",H72-I72) | M72: =IF(K72="","",K72*(1-L72)) | O72: =IF(M72="","",M72-N72) | P72: =IF(K72="","",IF(O72<=0,"مدفوع بالكامل",IF(N72=0,"لم يدفع","دفع جزئي"))) | Q72: =IF(H72="","",IF(J72<=0,"تم التسليم بالكامل",IF(I72=0,"لم يبدأ التنفيذ","تسليم جزئي")))
C73: =IF(D73="",0,IF(C73=0,TODAY(),C73)) -> 0 | J73: =IF(H73="","",H73-I73) | M73: =IF(K73="","",K73*(1-L73)) | O73: =IF(M73="","",M73-N73) | P73: =IF(K73="","",IF(O73<=0,"مدفوع بالكامل",IF(N73=0,"لم يدفع","دفع جزئي"))) | Q73: =IF(H73="","",IF(J73<=0,"تم التسليم بالكامل",IF(I73=0,"لم يبدأ التنفيذ","تسليم جزئي")))
C74: =IF(D74="",0,IF(C74=0,TODAY(),C74)) -> 0 | J74: =IF(H74="","",H74-I74) | M74: =IF(K74="","",K74*(1-L74)) | O74: =IF(M74="","",M74-N74) | P74: =IF(K74="","",IF(O74<=0,"مدفوع بالكامل",IF(N74=0,"لم يدفع","دفع جزئي"))) | Q74: =IF(H74="","",IF(J74<=0,"تم التسليم بالكامل",IF(I74=0,"لم يبدأ التنفيذ","تسليم جزئي")))
C75: =IF(D75="",0,IF(C75=0,TODAY(),C75)) -> 0 | J75: =IF(H75="","",H75-I75) | M75: =IF(K75="","",K75*(1-L75)) | O75: =IF(M75="","",M75-N75) | P75: =IF(K75="","",IF(O75<=0,"مدفوع بالكامل",IF(N75=0,"لم يدفع","دفع جزئي"))) | Q75: =IF(H75="","",IF(J75<=0,"تم التسليم بالكامل",IF(I75=0,"لم يبدأ التنفيذ","تسليم جزئي")))
C76: =IF(D76="",0,IF(C76=0,TODAY(),C76)) -> 0 | J76: =IF(H76="","",H76-I76) | M76: =IF(K76="","",K76*(1-L76)) | O76: =IF(M76="","",M76-N76) | P76: =IF(K76="","",IF(O76<=0,"مدفوع بالكامل",IF(N76=0,"لم يدفع","دفع جزئي"))) | Q76: =IF(H76="","",IF(J76<=0,"تم التسليم بالكامل",IF(I76=0,"لم يبدأ التنفيذ","تسليم جزئي")))
C77: =IF(D77="",0,IF(C77=0,TODAY(),C77)) -> 0 | J77: =IF(H77="","",H77-I77) | M77: =IF(K77="","",K77*(1-L77)) | O77: =IF(M77="","",M77-N77) | P77: =IF(K77="","",IF(O77<=0,"مدفوع بالكامل",IF(N77=0,"لم يدفع","دفع جزئي"))) | Q77: =IF(H77="","",IF(J77<=0,"تم التسليم بالكامل",IF(I77=0,"لم يبدأ التنفيذ","تسليم جزئي")))
C78: =IF(D78="",0,IF(C78=0,TODAY(),C78)) -> 0 | J78: =IF(H78="","",H78-I78) | M78: =IF(K78="","",K78*(1-L78)) | O78: =IF(M78="","",M78-N78) | P78: =IF(K78="","",IF(O78<=0,"مدفوع بالكامل",IF(N78=0,"لم يدفع","دفع جزئي"))) | Q78: =IF(H78="","",IF(J78<=0,"تم التسليم بالكامل",IF(I78=0,"لم يبدأ التنفيذ","تسليم جزئي")))
C79: =IF(D79="",0,IF(C79=0,TODAY(),C79)) -> 0 | J79: =IF(H79="","",H79-I79) | M79: =IF(K79="","",K79*(1-L79)) | O79: =IF(M79="","",M79-N79) | P79: =IF(K79="","",IF(O79<=0,"مدفوع بالكامل",IF(N79=0,"لم يدفع","دفع جزئي"))) | Q79: =IF(H79="","",IF(J79<=0,"تم التسليم بالكامل",IF(I79=0,"لم يبدأ التنفيذ","تسليم جزئي")))
C80: =IF(D80="",0,IF(C80=0,TODAY(),C80)) -> 0 | J80: =IF(H80="","",H80-I80) | M80: =IF(K80="","",K80*(1-L80)) | O80: =IF(M80="","",M80-N80) | P80: =IF(K80="","",IF(O80<=0,"مدفوع بالكامل",IF(N80=0,"لم يدفع","دفع جزئي"))) | Q80: =IF(H80="","",IF(J80<=0,"تم التسليم بالكامل",IF(I80=0,"لم يبدأ التنفيذ","تسليم جزئي")))
C81: =IF(D81="",0,IF(C81=0,TODAY(),C81)) -> 0 | J81: =IF(H81="","",H81-I81) | M81: =IF(K81="","",K81*(1-L81)) | O81: =IF(M81="","",M81-N81) | P81: =IF(K81="","",IF(O81<=0,"مدفوع بالكامل",IF(N81=0,"لم يدفع","دفع جزئي"))) | Q81: =IF(H81="","",IF(J81<=0,"تم التسليم بالكامل",IF(I81=0,"لم يبدأ التنفيذ","تسليم جزئي")))
... C200: =IF(D200="",0,IF(C200=0,TODAY(),C200)) -> 0 | J200: =IF(H200="","",H200-I200) | M200: =IF(K200="","",K200*(1-L200)) | O200: =IF(M200="","",M200-N200) | P200: =IF(K200="","",IF(O200<=0,"مدفوع بالكامل",IF(N200=0,"لم يدفع","دفع جزئي"))) | Q200: =IF(H200="","",IF(J200<=0,"تم التسليم بالكامل",IF(I200=0,"لم يبدأ التنفيذ","تسليم جزئي")))

Sheet الإعلانات
B2: مصروفات الحملات الإعلانية
B3: سجّل هنا كل مبلغ بتصرفه على الإعلانات الممولة (فيسبوك/انستغرام/تيك توك...)
B5: التاريخ | C5: اسم الحملة | D5: المنصة | E5: المدة (أيام) | F5: المبلغ المصروف | G5: إجمالي المصروف على الإعلانات: | H5: =SUM(F6:F150) -> 11300
B6: 46235 | C6: حملة انستغرام - تنسيق كتب | D6: انستغرام | E6: 7 | F6: 500 | G6: استهداف أولياء أمور طلبة الثانوية
B7: 46232 | C7: حملة فيسبوك - كتاب المعاصر | D7: فيسبوك | F7: 10800

Sheet الموظفين
B2: الموظفين والمرتبات والعمولات
B3: سجّل هنا أي موظف ومرتبه، وعمولته عن كل عميل يقفل الديل معاه - العدد والإجمالي بيتحسبوا لوحدهم من شيت الطلبات
B5: اسم الموظف | C5: الوظيفة | D5: الراتب الشهري | E5: العمولة عن كل عميل | F5: عدد العملاء اللي قفلهم | G5: إجمالي العمولة | H5: إجمالي المستحق (راتب+عمولة) | I5: إجمالي الرواتب + العمولات: | J5: =SUM(H6:H100) -> 11725 | K5: ملاحظات
B6: سارة علي | C6: خدمة عملاء ومبيعات (رد على واتساب وقفل الديل) | D6: 0 | E6: 5 | F6: =IF(B6="","",COUNTIF(الطلبات!$F$6:$F$200,B6)) -> 0 | G6: =IF(B6="","",E6*F6) -> 0 | H6: =IF(B6="","",D6+G6) -> 0 | I6: 01/08/2026 | J6: راتب ثابت + عمولة | K6: بتستلم كل استفسارات الواتساب
B7: مهند إبراهيم | D7: 10000 | E7: 25 | F7: =IF(B7="","",COUNTIF(الطلبات!$F$6:$F$200,B7)) -> 63 | G7: =IF(B7="","",E7*F7) -> 1575 | H7: =IF(B7="","",D7+G7) -> 11575
B8: السيد محمود | F8: =IF(B8="","",COUNTIF(الطلبات!$F$6:$F$200,B8)) -> 0 | G8: =IF(B8="","",E8*F8) -> 0 | H8: =IF(B8="","",D8+G8) -> 0
B9: محمد محمود | C9: تسليم عملاء | E9: 25 | F9: 6 | G9: =IF(B9="","",E9*F9) -> 150 | H9: =IF(B9="","",D9+G9) -> 150
F10: =IF(B10="","",COUNTIF(الطلبات!$F$6:$F$200,B10)) | G10: =IF(B10="","",E10*F10) | H10: =IF(B10="","",D10+G10)
F11: =IF(B11="","",COUNTIF(الطلبات!$F$6:$F$200,B11)) | G11: =IF(B11="","",E11*F11) | H11: =IF(B11="","",D11+G11)
F12: =IF(B12="","",COUNTIF(الطلبات!$F$6:$F$200,B12)) | G12: =IF(B12="","",E12*F12) | H12: =IF(B12="","",D12+G12)
F13: =IF(B13="","",COUNTIF(الطلبات!$F$6:$F$200,B13)) | G13: =IF(B13="","",E13*F13) | H13: =IF(B13="","",D13+G13)
F14: =IF(B14="","",COUNTIF(الطلبات!$F$6:$F$200,B14)) | G14: =IF(B14="","",E14*F14) | H14: =IF(B14="","",D14+G14)
F15: =IF(B15="","",COUNTIF(الطلبات!$F$6:$F$200,B15)) | G15: =IF(B15="","",E15*F15) | H15: =IF(B15="","",D15+G15)
F16: =IF(B16="","",COUNTIF(الطلبات!$F$6:$F$200,B16)) | G16: =IF(B16="","",E16*F16) | H16: =IF(B16="","",D16+G16)
F17: =IF(B17="","",COUNTIF(الطلبات!$F$6:$F$200,B17)) | G17: =IF(B17="","",E17*F17) | H17: =IF(B17="","",D17+G17)
F18: =IF(B18="","",COUNTIF(الطلبات!$F$6:$F$200,B18)) | G18: =IF(B18="","",E18*F18) | H18: =IF(B18="","",D18+G18)
F19: =IF(B19="","",COUNTIF(الطلبات!$F$6:$F$200,B19)) | G19: =IF(B19="","",E19*F19) | H19: =IF(B19="","",D19+G19)
F20: =IF(B20="","",COUNTIF(الطلبات!$F$6:$F$200,B20)) | G20: =IF(B20="","",E20*F20) | H20: =IF(B20="","",D20+G20)
F21: =IF(B21="","",COUNTIF(الطلبات!$F$6:$F$200,B21)) | G21: =IF(B21="","",E21*F21) | H21: =IF(B21="","",D21+G21)
... F100: =IF(B100="","",COUNTIF(الطلبات!$F$6:$F$200,B100)) | G100: =IF(B100="","",E100*F100) | H100: =IF(B100="","",D100+G100)
